keys,en
log.head,"[T {time}]"
log.victory,"Victory: the party wins."
log.defeat,"Defeat: the party has fallen."
log.stalemate,"Stalemate: no winner by the time limit."
log.begins_casting,"{actor} begins casting {action} (ready at T {ready})"
log.begins_casting_at,"{actor} begins casting {action} at {target} (ready at T {ready})"
log.action,"{actor} → {action}"
log.action_at,"{actor} → {action} → {target}"
log.separator," · "
log.list_separator,", "
log.hit,"hit ({chance})"
log.miss,"miss ({chance})"
log.roll_hit,"roll {roll} vs {chance} → hit"
log.roll_miss,"roll {roll} vs {chance} → miss"
log.damage,"{amount} dmg"
log.damage_kinds,"{amount} dmg ({kinds})"
log.kind_crit,"crit"
log.kind_brutal,"Brutal"
log.absorbs,"Shield absorbs {amount}"
log.hp,"{target} HP {before} → {after}"
log.crit_roll,"C.Rate {c_rate} → {chance}: roll {roll} → {result}"
log.crit_yes,"crit"
log.crit_no,"no crit"
log.brutal_roll,"; Brutal roll {roll} → {result}"
log.brutal_yes,"Brutal"
log.brutal_no,"no Brutal"
log.proc,"{owner}'s {proc} procs ({chance})"
log.proc_scaled,"{owner}'s {proc} procs ({chance}, ×{scale})"
log.proc_roll,": roll {roll}"
log.proc_fails,"{owner}'s {proc} doesn't proc ({chance}): roll {roll}"
log.proc_damage,"{proc} deals {amount} dmg to {target} (HP {before} → {after})"
log.proc_damage_kinds,"{proc} deals {amount} dmg ({kinds}) to {target} (HP {before} → {after})"
log.breakdown,"dmg = base {base} × power {power_factor} ({power}) × mult {mult_factor} ({mult}) × resist {resist_factor} (res {resist}, pen {pen}) × all dmg {all_damage_factor} ({all_damage}) × all res {all_resist_factor} ({all_resist}){crit} = {raw} → {final}"
log.breakdown_crit," × crit {crit_factor} ({tiers} × C.Mult {c_mult}, crit res {crit_resist}, crit pen {crit_pen})"
log.healed,"{source} heals {target} for {amount} (HP {before} → {after})"
log.shielded,"{source} shields {target} for {amount}"
log.mana_restored,"{source} restores {amount} Mana to {target}"
log.mana_drained,"{buff} drains {amount} Mana from {target}"
log.charge_spent,"({item}: {left} left)"
log.buff_applied,"applies {buff} on {target}"
log.buff_refreshed,"refreshes {buff} on {target}"
log.buff_expired,"{buff} on {target} ends"
log.periodic,"{buff} deals {amount} to {target} (HP {before} → {after})"
log.delayed,"{buff} bursts for {amount} on {target} (HP {before} → {after})"
log.staggered,"staggers {target}: −{amount} Act"
log.staggered_resisted,"staggers {target}: −{amount} Act ({resisted} resisted)"
log.interrupted,"interrupts {unit}: the cast fizzles"
log.threat_added,"{proc}: {target} +{amount} Threat"
log.intent,"{unit} plans {plan}"
log.intent_changed,"{unit} now plans {plan} ({why})"
log.plan_target,"{action} → {target}"
log.plan_tile,"{action} to {tile}"
log.plan_self,"{action}"
log.plan_wait,"to wait"
log.plan_unknown,"? (confused: it will act at random)"
log.why_target_fell,"its target fell"
log.why_target_fled,"its target fled"
log.why_target_hid,"its target became less threatening"
log.why_drawn,"drawn by a bigger threat"
log.why_blocked,"its plan was blocked"
log.why_feared,"feared"
log.why_confused,"confused"
log.fizzle_target_fell,"fizzles: {target} has fallen"
log.fizzle_caster_fell,"{caster}'s {action} fizzles: the caster fell"
log.died,"{unit} falls"
log.fled,"{unit} flees the battle"
log.displaced,"{unit} is pushed aside ({from} → {to})"
log.area_grew_party,"The party's area gains a back row"
log.area_grew_enemy,"The enemies' area gains a back row"
log.collapse,"{unit} steps forward ({from} → {to})"
log.moved,"{unit} moves {from} → {to}"
log.moved_by,"{unit} moves {from} → {to} ({why})"
log.waited,"{unit} waits"
log.turn_lost_asleep,"{unit} loses the turn (asleep)"
log.pos,"r{row}c{col}"
log.pos_opposing,"r{row}c{col} (opposing area)"
log.buff,"{name} ({details})"
log.buff_dot,"DoT {amount}/turn"
log.buff_hot,"heals {amount}/turn"
log.buff_mana_drain,"drains {amount} Mana/turn"
log.buff_stat,"{value} {stat}"
log.buff_stat_tagged,"{value} {tag} {stat}"
log.buff_shield,"Shield {amount}"
log.buff_turns,"{turns} turns"
log.buff_until_next_turn,"until next turn"
log.buff_whole_battle,"the whole battle"
log.buff_action,"for 1 action"
log.buff_actions,"for {actions} actions"
log.buff_stacks,"×{stacks}"
cc.stun,"Stun"
cc.root,"Root"
cc.silence,"Silence"
cc.sleep,"Sleep"
cc.fear,"Fear"
cc.confusion,"Confusion"
ui.title,"Eternal Dungeon"
ui.debug_menu,"Debug menu (M2)"
ui.encounter,"Encounter"
ui.seed,"Seed"
ui.random_seed,"Random"
ui.start,"Start"
ui.auto_battle,"Auto-battle (heroes act on their AI)"
ui.speed,"Battle speed"
ui.speed_slow,"0.5×"
ui.speed_normal,"1×"
ui.speed_fast,"2×"
ui.speed_instant,"Instant"
ui.text_size,"Text size"
ui.art_style,"Art style"
ui.style_placeholder,"Placeholder (generated)"
ui.layout,"Board layout"
ui.layout_encounter,"As the encounter says"
ui.layout_vertical,"Vertical"
ui.layout_side_on,"Side-on"
ui.replays,"Saved replays (activate to play)"
ui.no_replays,"No replays saved yet"
ui.menu_help,"Mouse or keyboard: arrows and Tab move, Enter or Space confirms, Escape steps back. In battle: 1–9 pick an action, Tab cycles targets, S cycles speed, A toggles auto-battle, click or Space skips an animation."
ui.combat_log,"Combat log"
ui.turn_order,"Turn order"
ui.at_time,"T {time}"
ui.now,"now"
ui.ghost_next,"next turn"
ui.ghost_cast,"cast lands"
ui.your_turn,"{hero}'s turn: pick an action."
ui.pick_target,"{action}: pick a target. Right-click or Escape to go back."
ui.pick_tile,"{action}: pick a tile. Right-click or Escape to go back."
ui.cant_target,"Can't target: {reason}"
ui.unusable,"Unusable: {reason}"
ui.ap_cost,"{ap} AP"
ui.mana_cost,"{mana} Mana"
ui.cast_time,"cast {cast} turns"
ui.ap_short,"{ap} AP"
ui.mana_short,"{mana} MP"
ui.cast_short,"⌛{cast}"
ui.preview_hit,"hit {chance}"
ui.preview_damage,"{amount} dmg"
ui.preview_crit,"crit {amount} ({chance})"
ui.preview_brutal,"Brutal {amount} ({chance} of crits)"
ui.preview_applies,"applies {effect}"
ui.preview_procs,"may trigger: {procs}"
ui.hp,"{hp}/{max}"
ui.hp_shield,"{hp}/{max} +{shield}"
ui.miss,"Miss"
ui.crit,"Crit!"
ui.brutal,"BRUTAL!"
ui.shield,"Shield"
ui.act_lost,"−{amount} Act"
ui.stagger,"Stagger"
ui.interrupted,"Interrupted"
ui.turn_lost,"Asleep"
ui.casting,"Casting…"
ui.details_hint,"Hover or focus a card to see its details."
ui.fallen,"Fallen"
ui.detail_hp,"HP {hp}/{max}"
ui.detail_shield,"Shield {shield}"
ui.detail_mana,"Mana {mana}/{max}"
ui.detail_act,"Act {act}   Speed {speed}"
ui.detail_casting,"Casting {action}, lands at T {time}"
ui.detail_plan,"Plans: {plan}"
ui.detail_threat,"Threat: {share} of the party's"
ui.detail_stats,"Stats"
ui.detail_resist,"Resist"
ui.detail_buffs,"Buffs"
ui.speed_hint,"Speed {speed} [S] · Auto {auto} [A]"
ui.on,"on"
ui.off,"off"
ui.victory,"Victory"
ui.defeat,"Defeat"
ui.stalemate,"Stalemate"
ui.end_summary,"{encounter} · seed {seed} · T {time}"
ui.restart,"Restart (same seed)"
ui.next_seed,"Next seed"
ui.save_replay,"Save replay"
ui.replay_saved,"Saved: {file}"
ui.back_to_menu,"Back to menu"
reason.not_enough_mana,"not enough Mana"
reason.rooted,"rooted"
reason.silenced,"silenced"
reason.afraid,"afraid: can only Defend or Move away from the front"
reason.target_down,"target is down"
reason.only_targets_self,"only targets self"
reason.not_an_ally,"not an ally"
reason.not_an_enemy,"not an enemy"
reason.targets_a_tile,"targets a tile"
reason.out_of_reach,"out of reach"
reason.not_in_front_row,"not in the front row"
reason.nowhere_to_move,"nowhere to move"
reason.no_valid_target,"no valid target"
reason.no_charges,"no charges left"
run.map_entered,"· {map} ·"
run.explored,"The party explores {node}."
run.event_started,"{event} ({hero} leads)"
run.event_resumed,"{event} resumes ({hero} leads)"
run.choice,"→ {hero}: {choice}"
run.roll_success,"{hero} rolls {chance}{detail}: success"
run.roll_failure,"{hero} rolls {chance}{detail}: failure"
run.roll_trait," ({trait} {level})"
run.roll_penalty," (Exhaustion {penalty})"
run.active_changed,"{hero} takes the lead."
run.resource,"{hero}: {resource} {change} ({before} → {after})"
run.status,"{hero} is now {status}."
run.flag,"Flag {key} = {value}"
run.revealed,"Revealed on the map: {node}"
run.revealed_icon,"Revealed on the map: {node} ({icon})"
run.buff_gained,"{hero} gains {buff} ({length})"
run.buff_ended,"{buff} wears off {hero}."
run.steps,"{count} steps"
run.battles,"{count} battles"
run.gold,"Gold {change} (now {total})"
run.item_gained,"+{amount} {item} (into the pack)"
run.camp_charges,"Camp charges {change} (now {total})"
run.spawned,"New at {node}: {interactable}."
run.deferred,"{event} waits: it can be resumed later."
run.closed,"{event} is over."
run.battle_started,"Battle: {encounter} ({scale}{initiative})"
run.battle_ended,"{outcome}. Stamina −{cost}. {party}"
run.hero_died,"{hero} dies."
run.rested_camp,"The party makes camp and rests."
run.rested_sanctuary,"The party rests at the Sanctuary."
run.rested_camp_auto,"Everyone has collapsed: the party makes camp."
run.rested_sanctuary_auto,"Everyone has collapsed: the party rests at the Sanctuary."
run.item_used,"{hero} uses a {item}."
run.item_to_belt,"{hero} puts {amount} {item} in the belt."
run.item_to_pack,"{hero} puts {amount} {item} in the pack."
run.item_bought,"Bought a {item} for {price} Gold."
run.map_completed,"{map} is behind the party."
run.dungeon_completed,"{dungeon} is complete!"
run.wiped,"The party has fallen."
status.ready,"ready"
status.exhausted,"Exhausted"
status.severe,"Severely Exhausted"
status.unconscious,"Unconscious"
status.dead,"Dead"
resource.health,"Health"
resource.mana,"Mana"
resource.stamina,"Stamina"
interactable.sanctuary,"Sanctuary"
interactable.pathway,"Pathway"
interactable.alchemist_station,"Alchemist Station"
reveal.none,""
reveal.enemies,"enemies"
reveal.boss,"boss"
reveal.sanctuary,"sanctuary"
scale.skirmish,"Skirmish"
scale.major,"Major fight"
scale.boss,"Boss fight"
initiative.surprised,"Surprised"
initiative.first_strike,"First Strike"
battle.victory,"Victory"
battle.fled,"The party fled"
battle.defeat,"Defeat"
preview.fight,"{scale} ({stamina} Stamina)"
preview.initiative,", {initiative}"
preview.defers,"come back later"
preview.ends,"no fight"
preview.story,"more choices"
preview.roll,"{chance}{detail}: {success} / {fail_chance}: {failure}"
preview.roll_trait," ({hero}, {trait})"
preview.trait_level,"{trait} {level}"
event.caged_merchant.name,"The Caged Merchant"
event.caged_merchant.intro,"A wooden cage sits crooked beside the trail. Goblin carpentry runs mostly on enthusiasm. Inside, a merchant flings himself at the bars. ""Goblins! They took my wife! My boy! My cart, which I had only just finished paying for! Their Gatekeeper has the key!"""
event.caged_merchant.intro.tear,"Tear the bars apart. It will not be quiet."
event.caged_merchant.intro.pick,"Pick the lock. The pick looks nervous."
event.caged_merchant.intro.leave,"Leave him for now. He'll keep."
event.caged_merchant.again,"The merchant is still in his cage, and still shouting. ""You came back! I knew it! I had already composed my last words. They were mostly about the cart."""
event.caged_merchant.again.tear,"Tear the bars apart. It will not be quiet."
event.caged_merchant.again.pick,"Pick the lock. The pick looks nervous."
event.caged_merchant.again.leave,"Leave him again. He'll manage, loudly."
event.caged_merchant.torn,"{hero} grabs the bars and heaves. The cage, never fully committed to being a cage, comes apart with an almighty crack. Nearby, two goblin voices shout and come running."
event.caged_merchant.snapped,"The lock snaps, and the pick with it. Two goblin guards burst from the brush, blades drawn and dinner plans forming."
event.caged_merchant.picked,"{hero} works the lock in silence. A soft click, and the door swings open. The merchant nearly faints with relief."
event.caged_merchant.key,"The Gatekeeper's key turns in the lock. It is the only part of the cage that works properly."
event.caged_merchant.farewell,"The merchant presses a few coins into {hero}'s hand, then, after a visible struggle, one more. ""Bartleby Crumpwhistle, forever in your debt! They went east, past the Gatekeeper's post. Find my family! I'll wait at the trail. And find the cart, if it's no trouble!"""
event.bog_crocodile.name,"The Bog Crocodile"
event.bog_crocodile.intro,"The trail sinks into black, still water, and the only way on is through it. A sign on a dead tree reads NO SWIMMING. Someone has underlined it twice. Something has bitten off the corner."
event.bog_crocodile.intro.cross,"Wade across, watching the water. After all, wading isn't swimming!"
event.bog_crocodile.spotted,"{hero} spots a log drifting toward the party, against the current. Logs do not do that. Logs also do not have teeth! The crocodile lunges into a party that is ready for it."
event.bog_crocodile.lunge,"The water explodes! A crocodile the length of a rowboat surges out of the murk, all teeth and no manners, and lunges for the nearest hero."
event.bog_crocodile.after,"Inside the crocodile, the party finds a pouch of coins, an unbroken potion, and most of the rest of the sign."
event.wolf_den.name,"The Wolf Den"
event.wolf_den.intro,"A shallow cave, ringed with carefully piled bones picked very clean. Skulls line the entrance in a row, the way other households keep flowerpots. Peeking inside, you can faintly see some neatly sorted scraps of meat. Snarls echo from deeper within. Several wolves, by the sound of it, all hungry."
event.wolf_den.intro.roar,"Scare the pack off. Be the scariest thing here."
event.wolf_den.intro.enter,"Go in and explore. The wolves will most likely object."
event.wolf_den.intro.leave,"Walk away. Let the wolves keep their flowerpots."
event.wolf_den.scattered_text,"{hero} bellows into the cave and bangs steel on stone. A long, thoughtful silence follows. Then the whole pack bolts for the trees, leaving their scraps behind, still neatly sorted!"
event.wolf_den.scraps_text,"The pack lies still. Among the tidy rows of bones, the party finds a dead traveler's coins and a potion, filed neatly with the rest."
event.overgrown_shrine.name,"The Overgrown Shrine"
event.overgrown_shrine.intro,"A mossy altar sits in a clearing, its vines woven through it so neatly it looks deliberate. A name is carved on top. Time has worn it down to a Y and a hopeful smudge. Someone still leaves offerings here. Nobody remembers why."
event.overgrown_shrine.intro.read,"Read the carvings and perform the rite. Properly."
event.overgrown_shrine.intro.pray,"Pray anyway. Surely it's the thought that counts?"
event.overgrown_shrine.intro.leave,"Leave it be. Let the smudge rest."
event.overgrown_shrine.rite,"{hero} traces the carvings and performs the rite: three bows, one turn, and a respectful nod to the smudge. The vines loosen slightly, which seems like approval."
event.overgrown_shrine.blessed_text,"A warm wind stirs the clearing, and the forest snaps into focus. For a moment the whole world looks carefully stitched together, apart from a few bits nobody quite finished. The party's eyes stay sharp for a while."
event.overgrown_shrine.cursed_text,"The vines tighten. The moss darkens, and the air goes cold. Whatever lives here did not care for that prayer! The party's arms feel heavy, as if something has tied a knot in every muscle."
event.muddy_crossing.name,"The Muddy Crossing"
event.muddy_crossing.intro,"A deep mud pit swallows the trail. Here and there, lone boots stand upright in the muck, left by travelers who decided they valued their feet more. The mud gurgles contentedly, clearly hoping for a matching pair."
event.muddy_crossing.intro.push,"March straight through. Mud respects a firm stride."
event.muddy_crossing.intro.firm,"Look for something to step on."
event.muddy_crossing.intro.wade,"Wade through. Tiring, but quick."
event.muddy_crossing.intro.around,"Go the long way around. Slow, but the boots stay dry."
event.muddy_crossing.pushed,"{hero} sets a pace the mud simply cannot argue with. The party marches through without breaking stride, and every boot comes out the far side still attached."
event.muddy_crossing.found,"{hero} notes that the tops of the boots are dry, and hops from one to the next like stepping stones! The party follows, leaving the mud hungry."
event.muddy_crossing.waded,"Waist-deep, one sucking step at a time. The mud does its very best to keep a boot. It fails! But the party comes out the far side exhausted."
event.muddy_crossing.went_around,"The detour winds through thorns and bramble for hours. Behind the party, the mud gurgles in disappointment. Everyone's legs stay heavy for a while."
event.abandoned_campsite.name,"The Abandoned Campsite"
event.abandoned_campsite.intro,"A ransacked camp: torn tents, a cold fire pit, and supplies scattered in the dirt. Goblin work, judging by the bite marks on the cooking pot. One bedroll has a name stitched into it: BARTLEBY CRUMPWHISTLE. Beside it lies a receipt for one cart, paid in full."
event.abandoned_campsite.intro.search,"Search the camp. Free supplies!"
event.abandoned_campsite.intro.careful,"Search carefully. There's always a catch!"
event.abandoned_campsite.snare_found,"{hero} spots a snare hidden under a bedroll and springs it with a stick. The stick loses. Somewhere, a goblin's tummy growls."
event.abandoned_campsite.snared,"A snare hidden under a bedroll snaps shut on an unlucky ankle! Goblin snares are crude and rusty, but they mean every bit of it."
event.abandoned_campsite.choose,"There's enough here to pack up and carry for a camp later. Or the crates could feed the fire pit and make this a safe place to rest. The crates are the only dry wood, so it's one or the other."
event.abandoned_campsite.choose.pack,"Pack the supplies for a camp later. Waste not!"
event.abandoned_campsite.choose.rekindle,"Burn the crates. A safe place to rest, right here."
event.abandoned_campsite.after,"Under a tent, the party finds a few coins and a potion the goblins missed. They were busy with the cooking pot."
event.gatekeeper_garrison.name,"The Gatekeeper Garrison"
event.gatekeeper_garrison.intro,"A guard post blocks the only path east: a palisade with one sturdy gate. Before it stand three goblins. The middle one wears a helmet meant for a warrior twice his size. ""HALT!"" he proclaims. ""None pass the Gatekeeper!"" He jangles a large iron key. ""Also, the Gatekeeper is me."""
event.gatekeeper_garrison.intro.bluff,"Point behind them and shout: ""Look! A distraction!"""
event.gatekeeper_garrison.intro.intimidate,"Frighten off his guards. Some goblins scare easily."
event.gatekeeper_garrison.intro.attack,"Charge into battle. That helmet won't save him."
event.gatekeeper_garrison.intro.later,"Promise to return. Gatekeepers never leave the gate."
event.gatekeeper_garrison.bluff_text,"Every goblin turns to look, the Gatekeeper included. By the time they turn back, the party is upon them!"
event.gatekeeper_garrison.intimidate_text,"{hero} stands tall, weapon raised, with a look that asks which of them plans to fall with the gate. One guard drops his spear and flees into the trees. The other stays, visibly shaken. So, a little, does the Gatekeeper."
event.gatekeeper_garrison.won_text,"The Gatekeeper sinks to his knees. ""Tell them... the Gatekeeper... kept the gate..."" *Clonk*. His helmet keeps rolling long after he stops. The iron key drops into the dirt, the gate creaks open behind him, and the path east lies clear."
event.merchants_wife.name,"The Merchant's Wife"
event.merchants_wife.intro,"A woman's scream cuts through the trees. ""Help! Help! They're gonna turn me into stew!"" She appears to be tied to a tree, alone, with suspiciously bushy bushes all around."
event.merchants_wife.intro.wary,"Investigate those suspicious bushes."
event.merchants_wife.intro.rush,"Rush to free her before she's stew!"
event.merchants_wife.trap_seen,"{hero} points out that one of the bushes has ears. The bush, offended, draws a knife. Goblin raiders pour out, but the party is ready for them!"
event.merchants_wife.ambushed,"The bushes explode with goblins! Not literally."
event.merchants_wife.grateful,"""Thank you, heroes!"" the woman cries as the party frees her. ""But they still have my son! Please, I don't want my boy to be goblin stew!"" She brightens at news of her husband, then narrows her eyes. ""Did he ask about the cart?"" She presses her last potions into the party's hands. ""The fortress is east. Bring my Tobble home!"""
event.merchants_wife.worried,"""Thank you, heroes!"" the woman cries as the party frees her. ""But they still have my son! Please, I don't want my boy to be goblin stew!"" Her husband, she explains, is caged near the forest edge, probably still shouting about the cart. ""Their fortress is east. Please, bring my Tobble home."""
event.goblin_tripwire.name,"The Goblin Tripwire"
event.goblin_tripwire.intro,"The path narrows between two steep banks. It's quiet. Too quiet. The birds must have all gone to sing somewhere else?"
event.goblin_tripwire.intro.look,"Birds know things. Watch the ground as you proceed."
event.goblin_tripwire.spotted,"{hero} stops the party just short of a wire stretched across the path. It runs up the bank to a stack of spiked logs, held back by a knot no self-respecting sailor would tie."
event.goblin_tripwire.spotted.disarm,"Disarm it and keep the spikes. Goblins won't miss them."
event.goblin_tripwire.spotted.step_over,"Step over it. High knees, everyone!"
event.goblin_tripwire.stepped_over,"One by one, the party high-steps over the wire like a very dignified parade. The logs stay where they are, sulking."
event.goblin_tripwire.salvaged_text,"{hero} unpicks the goblin knot, amazed it even held anything, then pries the iron spikes out of the logs. These could come in handy."
event.goblin_tripwire.logs,"{hero}'s leg catches the wire. *SPROING!* Spiked logs thunder down the bank and catch {hero} with a nasty, bleeding gash. Up the path, a goblin patrol cheers and comes jogging down to see what it caught."
event.goblin_sentry_tower.name,"The Goblin Sentry Tower"
event.goblin_sentry_tower.intro,"A crude lookout platform rises above the trees, held together by rope, optimism, and one very tired ladder. Three goblin lookouts seem to be sleeping at the top. From up there, you could probably see the whole valley."
event.goblin_sentry_tower.intro.sneak,"Climb up the ladder slowly and quietly."
event.goblin_sentry_tower.intro.rush,"Rush the tower quickly before the goblins can react."
event.goblin_sentry_tower.intro.ignore,"Leave the lookouts to their nap."
event.goblin_sentry_tower.sneaked,"{hero} climbs the ladder quiet as a snail, the goblins remaining fast asleep. The view is absolutely incredible!"
event.goblin_sentry_tower.view,"The whole valley spreads out below: a boar rooting in the grove, figures moving in the marsh, and the goblin fortress to the east. Someone has carved an arrow into the railing pointing at it, labeled HOME. A purse sits on the boards, unattended."
event.poachers_snare.name,"The Baited Snare"
event.poachers_snare.intro,"A rope snare dangles over the path, crude but obvious. Inside you see a small pile of coins, a good bait for human prey!"
event.poachers_snare.intro.reset,"Disable the snare, shouldn't be too hard"
event.poachers_snare.intro.cut,"Try to grab the gold without triggering the trap"
event.poachers_snare.intro.leave,"Leave the gold, you're not falling for it!"
event.poachers_snare.reset_text,"{hero} carefully traces the rope and finds the bent sapling meant to be used as the trigger. After jamming a stick to block the release, the snare is effectively disabled."
event.poachers_snare.catch_text,"{hero} reaches in carefully, trying to get the gold without touching the snare rope. Miraculously, or due to a defective trap, the arm returns with gold in hand!"
event.poachers_snare.fumble_text,"{hero} tries to reach the gold but the trap is sprung! By the time {hero} is freed, Goblin hunters are upon them!"
event.wild_boar_charge.name,"The Wild Boar"
event.wild_boar_charge.intro,"An enraged boar paws the dirt of its feeding ground, tusks low. It isn't the Mega Boar, but it has clearly been taking lessons. It has the temper already. It's working on the size."
event.wild_boar_charge.intro.hold,"Hold the line"
event.wild_boar_charge.intro.brace,"Brace for the charge. Here it comes!"
event.wild_boar_charge.held,"{hero} plants their feet and doesn't budge an inch. The party forms up around them, and the boar thunders straight into a wall of steel."
event.wild_boar_charge.charged,"The party braces, but the boar is faster than it looks, and angrier than it is fast! It slams into the line before anyone can strike first."
event.wild_boar_charge.feast,"That night, the party roasts the boar over a small fire. It tastes of temper and acorns. A good meal does wonders."
event.runed_boundary_stone.name,"The Runed Boundary Stone"
event.runed_boundary_stone.intro,"A carved monolith hums with old warding magic, its runes glowing faintly blue. Actually, more like a turquoise."
event.runed_boundary_stone.intro.draw,"Drink in its power. It has plenty to spare."
event.runed_boundary_stone.intro.attune,"Hum along with the stone, attune to its power."
event.runed_boundary_stone.intro.decipher,"Try to decipher the runes"
event.runed_boundary_stone.intro.touch,"Just touch it and see what happens!"
event.runed_boundary_stone.intro.leave,"Leave it to its humming."
event.runed_boundary_stone.drawn_text,"{hero} presses both hands to the stone. Its power floods in, bright and cold, and stays. The stone hums a little lower, slightly put out, as the whole party's Mana surges."
event.runed_boundary_stone.attuned_text,"{hero} hums along with the stone until the two find the same note. Delighted to finally have company, it shares its power with the whole party."
event.runed_boundary_stone.deciphered_text,"The runes are a boundary marker and, in the margins, a map: a chapel to the northeast is still warded and safe to rest in. The carver also left a note complaining about his wages."
event.runed_boundary_stone.touched_text,"A gentle pulse runs up the party's arms, and their Mana stirs. The stone seems to approve of the direct approach."
event.runed_boundary_stone.drained_text,"Sometimes the instinct to touch things pays off. This time, it does not. The party feels its magic seep away for a while."
event.wandering_herbalist.name,"The Wandering Herbalist"
event.wandering_herbalist.intro,"A hermit sorts herbs on a flat rock, surrounded by baskets of leaves, roots, and one very carefully guarded basket of mushrooms. ""Field medicine! Potions! For a fee, I'll set up my kit."" She sees where you're looking. ""DON'T TOUCH THE MUSHROOMS."""
event.wandering_herbalist.intro.help,"Chat about rare herbs"
event.wandering_herbalist.intro.pay,"Pay her fee. Medicine isn't cheap."
event.wandering_herbalist.intro.later,"Come back later. Leave the mushrooms alone."
event.wandering_herbalist.helped,"The hermit and {hero} talk for hours about medicines, mushrooms and close calls with Pumpler vines. ""Always great to chat with a fellow Pharmacognosist. For you, I'll set up for free!"""
event.wandering_herbalist.station,"She unpacks kettles, vials, and a small hand-painted sign: POTIONS. NOT MUSHROOMS. Her Alchemist Station is open for business."
event.goblin_camp.name,"The Goblin Camp"
event.goblin_camp.intro,"From cover, the party studies the goblin fortress. Smoke rises from a great cookpot inside its walls, smelling strongly of Pumpler Vine. A very nice merchant's cart is parked by the gate, next to a group of guards. From within comes the crying of a child."
event.goblin_camp.intro.sneak,"Look for a back way in"
event.goblin_camp.intro.drill,"Observe the guards and wait for an opportunity"
event.goblin_camp.intro.storm,"Leave your cover and charge the guards at the gate."
event.goblin_camp.intro.later,"Withdraw and prepare. This fight deserves your best."
event.goblin_camp.sneaked,"{hero} sneaks around the camp's walls. On the far side, a rotting board smelling strongly of goblin urine can easily be kicked through."
event.goblin_camp.drilled,"{hero} notes a blind spot in the guards' line of sight: a stand of trees by the gate that any real soldiers would have cut down long ago. Using the trees as cover, the party creeps close enough to take the guards by surprise."
event.goblin_camp.stormed,"The party charges the gate. The outer patrol rushes out to meet it, shouting war cries, threats, and in one case a very detailed recipe."
event.goblin_camp.inside,"The patrol is down, and the way into the fortress lies open. The smell of Pumpler Vine grows stronger."
event.goblin_camp.pot,"In the middle of the camp, the Goblin Chief, the fattest goblin anyone has ever seen, is lowering a small boy toward the bubbling pot. A shaman spins in circles beside it for luck. The Chief turns, outraged. ""Who dares interrupt LUNCH?"""
event.goblin_camp.chief_falls,"""You have not seen... the last... of my appetite..."" *Gurgle*. *SPLOOSH*. The Goblin Chief topples into his own stew. Out from behind a barrel peeks a small, very relieved boy."
event.goblin_camp.family,"Tobble runs into his mother's arms, and at the forest trail his father is waiting. The Crumpwhistles are together again! They empty their savings into the party's hands. Bartleby hugs his wife, then his son, and then, for slightly longer, his recovered cart."
event.goblin_camp.father,"The party brings Tobble back to his father at the forest trail, along with the cart. Bartleby weeps with joy, mostly over Tobble. His wife is still missing, but he swears he'll find her, and pays the party what he can."
event.goblin_camp.mother,"Marigolda holds her son tight and doesn't let go for a long time. Her husband is still caged somewhere, she says, and she'll fetch him next. After the cart is safely home. She pays the party what she can."
event.goblin_camp.alone,"Tobble is safe, but his family is nowhere to be found. The party sets off with him toward the forest edge to look for them. He solemnly hands over the few coins in his pocket, then asks if anyone has seen a cart."
