id	name	tags	target	range	ap_cost	mana_cost	base_damage	all_damage	cast_time	move_to	note
attack	Attack	weapon, physical, melee	enemy	melee	100		15				
power_attack	Power Attack	weapon, physical, melee, heavy	enemy	melee	200		15	1			
defend	Defend	buff	self		100						
move	Move		tile		50					own	
dagger_attack	Dagger Attack	weapon, physical, melee, light, finesse	enemy	melee	100		12				
sneak	Sneak	buff	tile		100					enemy	
fire_bolt	Fire Bolt	arcane, spell, ranged, fire	enemy	any	100	10	22		50		
frost_shard	Frost Shard	arcane, spell, ranged, ice, control	enemy	any	100	8	12				
shield_bash	Shield Bash	weapon, physical, melee, force, control	enemy	melee	100		6				
hex_bolt	Hex Bolt	spirit, spell, ranged, dark, curse	enemy	any	100		10		60		
goblin_slash	Slash	weapon, physical, melee	enemy	melee	100		15				
goblin_shot	Shot	weapon, physical, ranged, projectile	enemy	any	100		13				
rotting_hex	Rotting Hex	spirit, spell, ranged, toxic, curse	enemy	any	100	8	8				
mend	Mend	spirit, spell, buff	ally	any	100	10					
brute_smash	Smash	weapon, physical, melee, heavy, force	enemy	melee	100		17				
chief_cleave	Cleave	weapon, physical, melee, heavy	enemy	melee	100		20				
war_cry	War Cry	buff	self		100						
