compound	tag	stat	coef
strength	melee	power	1
strength	light	power	-0.5
strength	heavy	power	0.5
dexterity	ranged	power	1
dexterity	light	power	0.5
dexterity	finesse	power	0.5
intellect	gadget	power	1
intellect	gadget	rate	0.1
intellect	cryptic	power	0.5
intellect	cryptic	rate	0.05
magic	spell	power	1
magic	mystic	power	0.5
elemental	fire	power	1
elemental	electric	power	1
elemental	ice	power	1
accuracy	melee	hit	1
accuracy	projectile	hit	1
accuracy	grenade	hit	0.5
parry	melee	avoid	1
block	melee	avoid	1
block	projectile	avoid	0.5
dodge	projectile	avoid	1
dodge	grenade	avoid	0.5
dodge	melee	avoid	0.5
turn	spell	avoid	1
tenacity	control	deval	1
fortification	physical	resist	1
fortification	critical	resist	1
