encounter	side	order	unit	row	col
goblin_patrol	party	1	rogue	0	0
goblin_patrol	party	2	warrior	0	1
goblin_patrol	party	3	elementalist	1	1
goblin_patrol	enemy	1	goblin_grunt	0	0
goblin_patrol	enemy	2	goblin_grunt	0	2
goblin_patrol	enemy	3	goblin_archer	1	0
goblin_patrol	enemy	4	goblin_shaman	1	2
brute_squad	party	1	rogue	0	0
brute_squad	party	2	warrior	0	1
brute_squad	party	3	elementalist	1	1
brute_squad	enemy	1	goblin_brute	0	1
brute_squad	enemy	2	goblin_grunt	0	0
brute_squad	enemy	3	goblin_archer	1	2
chief_hall	party	1	rogue	0	0
chief_hall	party	2	warrior	0	1
chief_hall	party	3	elementalist	1	1
chief_hall	enemy	1	goblin_chief	0	0
chief_hall	enemy	2	goblin_grunt	0	2
chief_hall	enemy	3	goblin_grunt	1	2
systems_showcase	party	1	rogue	1	0
systems_showcase	party	2	warrior	0	1
systems_showcase	party	3	elementalist	1	2
systems_showcase	enemy	1	goblin_brute	0	0
systems_showcase	enemy	2	goblin_grunt	0	1
systems_showcase	enemy	3	goblin_hexer	0	2
