id	name	group	combine	integer	hidden	point_value	note
health	Health	character	add				
mana	Mana	character	add				
speed	Speed	character	add	TRUE			
initiative	Initiative	character	add	TRUE			
threat	Threat	character	add		TRUE		
vulnerability	Vulnerability	character	add		TRUE		
all_damage	All Damage	character	add				
all_resist	All Resist	character	dim				
base_dmg	Base Dmg	attack	add				
power	Power	attack	add			1	
multiplier	Multiplier	attack	add				
penetrate	Penetrate	attack	dim				
hit	Hit	attack	dim				
rate	Rate	attack	add				
c_rate	C.Rate	attack	add				
c_mult	C.Mult	attack	add				
resist	Resist	defense	dim				
avoid	Avoid	defense	dim				
deval	Deval	defense	add				
