id	name	group	note
arcane	Arcane	damage_type	
chemical	Chemical	damage_type	
physical	Physical	damage_type	
spirit	Spirit	damage_type	
melee	Melee	delivery	
ranged	Ranged	delivery	
projectile	Projectile	delivery	
grenade	Grenade	delivery	
spell	Spell	delivery	
aoe	AoE	delivery	
gadget	Gadget	delivery	
light	Light	style	
heavy	Heavy	style	
finesse	Finesse	style	
cryptic	Cryptic	style	
mystic	Mystic	style	
force	Force	function	
meta	Meta	function	
buff	Buff	function	
curse	Curse	function	
control	Control	function	
critical	Critical	function	
fire	Fire	element	
electric	Electric	element	
ice	Ice	element	
holy	Holy	element	
dark	Dark	element	
toxic	Toxic	element	
weapon	Weapon	source	
