id	name	size	health	mana	speed	initiative	threat	vulnerability	all_damage	all_resist	base_dmg	power	multiplier	penetrate	hit	rate	c_rate	c_mult	resist	avoid	deval	strength	dexterity	intellect	magic	elemental	accuracy	parry	block	dodge	turn	tenacity	fortification	actions	ai	procs	note
warrior	Warrior	1	140		100	30									0.95					0.05		15						10						power_attack, shield_bash	hero_warrior		
rogue	Rogue	1	100		120	50									0.95					0.05		5	15							15				dagger_attack, sneak	hero_rogue		
elementalist	Elementalist	1	80	120	100	20									0.95					0.05					15	10					10			fire_bolt, frost_shard	hero_elementalist		
goblin_grunt	Goblin Grunt	1	85		90	20									0.9					0.05		5												goblin_slash	goblin_grunt		
goblin_archer	Goblin Archer	1	60		100	30									0.9					0.05			10											goblin_shot	goblin_archer		
goblin_shaman	Goblin Shaman	1	60	40	95	25									0.9					0.05					10									rotting_hex, mend	goblin_shaman		
goblin_brute	Goblin Brute	1.5	200		70	10									0.85					0.02		20												brute_smash	goblin_brute		
goblin_hexer	Goblin Hexer	1	160		90	60									0.9					0.05					10									hex_bolt	goblin_hexer	flaming	
goblin_chief	Goblin Chief	2	370		85	15									0.9					0.05		20											10	chief_cleave, war_cry	goblin_chief		
